,description,assist,player,result,periodTime,totalTime,xx,yy,sector_id
0,2 punti segnato,Semaj Christon,Kenny Gabriel,made,19,19,780,168,0
1,2 punti segnato,,Kenny Gabriel,made,64,64,705,196,0
2,2 punti segnato,,John Petrucelli,made,98,98,810,168,0
3,2 punti segnato,,Amedeo Della Valle,made,129,129,795,224,0
4,2 punti sbagliato,,Semaj Christon,missed,174,174,945,336,3
5,2 punti segnato,Miro Bilan,Amedeo Della Valle,made,179,179,1005,308,3
6,2 punti segnato,Semaj Christon,Kenny Gabriel,made,209,209,1185,196,4
7,3 punti sbagliato,,John Petrucelli,missed,236,236,315,756,6
8,2 punti segnato,,John Petrucelli,made,270,270,855,196,0
9,2 punti segnato,,Miro Bilan,made,321,321,675,168,0
10,2 punti segnato,,Amedeo Della Valle,made,341,341,765,196,0
11,2 punti sbagliato,,Miro Bilan,missed,412,412,960,336,3
12,2 punti segnato,Amedeo Della Valle,Jason Burnell,made,426,426,705,168,0
13,2 punti sbagliato,,Amedeo Della Valle,missed,471,471,405,224,1
14,3 punti sbagliato,,C.J. Massinburg,missed,507,507,1185,756,7
15,2 punti segnato,,David Reginald Cournooh,made,541,541,930,532,3
16,2 punti sbagliato,,Jason Burnell,missed,587,587,600,448,2
17,2 punti sbagliato,,Michael Cobbins,missed,598,598,540,252,0
18,2 punti segnato,Jason Burnell,C.J. Massinburg,made,598,598,1185,504,3
19,2 punti segnato,,Jason Burnell,made,32,632,645,280,0
20,2 punti segnato,David Reginald Cournooh,Nicola Akele,made,108,708,285,280,1
21,3 punti sbagliato,,C.J. Massinburg,missed,123,723,1470,224,8
22,3 punti segnato,C.J. Massinburg,Nicola Akele,made,133,733,1440,364,8
23,2 punti sbagliato,,Jason Burnell,missed,184,784,705,392,0
24,3 punti segnato,,David Reginald Cournooh,made,232,832,420,840,6
25,2 punti sbagliato,,C.J. Massinburg,missed,257,857,705,196,0
26,2 punti segnato,,Semaj Christon,made,287,887,735,588,2
27,3 punti sbagliato,,Kenny Gabriel,missed,339,939,75,392,5
28,2 punti sbagliato,,Miro Bilan,missed,373,973,705,196,0
29,2 punti segnato,,Miro Bilan,made,373,973,705,196,0
30,2 punti sbagliato,,Amedeo Della Valle,missed,414,1014,675,476,2
31,3 punti sbagliato,,Amedeo Della Valle,missed,460,1060,1185,784,7
32,2 punti sbagliato,,Miro Bilan,missed,468,1068,1035,308,4
33,3 punti sbagliato,,Semaj Christon,missed,502,1102,225,700,6
34,2 punti sbagliato,,Semaj Christon,missed,581,1181,765,504,3
35,2 punti segnato,Amedeo Della Valle,Jason Burnell,made,598,1198,750,252,0
36,3 punti sbagliato,,Kenny Gabriel,missed,14,1214,30,196,5
37,2 punti segnato,Amedeo Della Valle,Kenny Gabriel,made,37,1237,750,140,0
38,2 punti sbagliato,,John Petrucelli,missed,81,1281,870,196,0
39,2 punti segnato,Semaj Christon,Kenny Gabriel,made,82,1282,1005,364,3
40,2 punti segnato,,Semaj Christon,made,114,1314,780,588,3
41,2 punti sbagliato,,Semaj Christon,missed,159,1359,930,588,3
42,2 punti sbagliato,,Amedeo Della Valle,missed,165,1365,465,560,2
43,2 punti sbagliato,,John Petrucelli,missed,197,1397,765,280,0
44,2 punti segnato,,Semaj Christon,made,220,1420,825,140,0
45,2 punti sbagliato,,Miro Bilan,missed,307,1507,945,140,0
46,2 punti sbagliato,,Semaj Christon,missed,362,1562,1035,616,3
47,2 punti sbagliato,,Jason Burnell,missed,388,1588,855,280,0
48,3 punti segnato,John Petrucelli,David Reginald Cournooh,made,433,1633,1110,812,7
49,2 punti sbagliato,,David Reginald Cournooh,missed,461,1661,975,392,3
50,2 punti sbagliato,,C.J. Massinburg,missed,557,1757,765,224,0
51,3 punti sbagliato,,Jason Burnell,missed,587,1787,765,896,7
52,3 punti segnato,C.J. Massinburg,David Reginald Cournooh,made,21,1821,705,868,6
53,2 punti segnato,Semaj Christon,Michael Cobbins,made,57,1857,825,168,0
54,2 punti sbagliato,,Semaj Christon,missed,129,1929,375,532,2
55,2 punti segnato,,C.J. Massinburg,made,145,1945,750,140,0
56,3 punti sbagliato,,David Reginald Cournooh,missed,244,2044,870,840,7
57,2 punti segnato,Jason Burnell,Michael Cobbins,made,251,2051,765,224,0
58,3 punti sbagliato,,John Petrucelli,missed,355,2155,255,672,6
59,3 punti sbagliato,,John Petrucelli,missed,393,2193,1215,700,7
60,2 punti sbagliato,,Michael Cobbins,missed,395,2195,630,196,0
61,2 punti segnato,,Semaj Christon,made,419,2219,645,420,2
62,3 punti sbagliato,,Jason Burnell,missed,465,2265,30,308,5
63,2 punti sbagliato,,C.J. Massinburg,missed,534,2334,675,252,0
64,2 punti sbagliato,,Jason Burnell,missed,565,2365,615,168,0
65,2 punti segnato,,Semaj Christon,made,586,2386,705,168,0
66,2 punti segnato,Semaj Christon,Kenny Gabriel,made,19,19,165,112,1
67,2 punti segnato,,Semaj Christon,made,71,71,1005,168,4
68,3 punti sbagliato,,Kenny Gabriel,missed,97,97,1395,560,7
69,2 punti segnato,Amedeo Della Valle,Semaj Christon,made,146,146,525,168,0
70,2 punti sbagliato,,Miro Bilan,missed,195,195,1035,308,4
71,2 punti segnato,Amedeo Della Valle,Miro Bilan,made,229,229,900,224,0
72,2 punti segnato,Semaj Christon,John Petrucelli,made,283,283,555,196,0
73,3 punti segnato,Amedeo Della Valle,Kenny Gabriel,made,303,303,1470,336,8
74,2 punti sbagliato,,Miro Bilan,missed,335,335,825,308,0
75,2 punti segnato,,Miro Bilan,made,370,370,675,168,0
76,2 punti sbagliato,,John Petrucelli,missed,399,399,1020,448,3
77,2 punti sbagliato,,Miro Bilan,missed,430,430,705,196,0
78,2 punti segnato,Miro Bilan,Jason Burnell,made,462,462,705,224,0
79,2 punti sbagliato,,C.J. Massinburg,missed,502,502,885,420,3
80,3 punti sbagliato,,Kenny Gabriel,missed,506,506,420,812,6
81,2 punti segnato,,Jason Burnell,made,524,524,780,588,3
82,3 punti sbagliato,,Jason Burnell,missed,595,595,855,952,7
83,2 punti segnato,C.J. Massinburg,Nicola Akele,made,25,625,525,224,0
84,2 punti segnato,John Petrucelli,C.J. Massinburg,made,59,659,615,224,0
85,3 punti sbagliato,,David Reginald Cournooh,missed,97,697,945,896,7
86,2 punti segnato,C.J. Massinburg,Nicola Akele,made,135,735,1260,364,4
87,2 punti sbagliato,,C.J. Massinburg,missed,158,758,690,252,0
88,2 punti segnato,David Reginald Cournooh,Jason Burnell,made,161,761,1170,196,4
89,2 punti sbagliato,,David Reginald Cournooh,missed,213,813,1050,168,4
90,3 punti sbagliato,,John Petrucelli,missed,250,850,1410,532,8
91,2 punti segnato,,David Reginald Cournooh,made,261,861,765,252,0
92,3 punti sbagliato,,Semaj Christon,missed,296,896,1290,672,7
93,2 punti segnato,Miro Bilan,Jason Burnell,made,414,1014,1005,308,3
94,2 punti sbagliato,,Miro Bilan,missed,443,1043,990,252,4
95,3 punti sbagliato,,John Petrucelli,missed,445,1045,1425,532,8
96,2 punti sbagliato,,Semaj Christon,missed,509,1109,1125,532,3
97,2 punti sbagliato,,Nicola Akele,missed,579,1179,885,504,3
98,2 punti segnato,,C.J. Massinburg,made,586,1186,705,196,0
99,3 punti sbagliato,,C.J. Massinburg,missed,600,1200,1230,756,7
100,2 punti sbagliato,,Semaj Christon,missed,19,1219,690,196,0
101,2 punti sbagliato,,Amedeo Della Valle,missed,55,1255,435,448,2
102,2 punti segnato,,Semaj Christon,made,108,1308,630,588,2
103,2 punti segnato,Semaj Christon,John Petrucelli,made,136,1336,645,448,2
104,2 punti sbagliato,,Miro Bilan,missed,170,1370,825,336,0
105,2 punti segnato,,Semaj Christon,made,191,1391,720,672,2
106,3 punti sbagliato,,John Petrucelli,missed,239,1439,1305,644,7
107,2 punti sbagliato,,Amedeo Della Valle,missed,256,1456,1035,616,3
108,2 punti segnato,,Semaj Christon,made,293,1493,645,252,0
109,2 punti segnato,,Amedeo Della Valle,made,326,1526,690,308,0
110,2 punti segnato,,Amedeo Della Valle,made,361,1561,885,224,0
111,2 punti segnato,Semaj Christon,Miro Bilan,made,391,1591,660,280,0
112,2 punti segnato,,Semaj Christon,made,439,1639,915,364,3
113,2 punti sbagliato,,Nicola Akele,missed,439,1639,900,308,0
114,3 punti segnato,,Semaj Christon,made,439,1639,1320,672,7
115,2 punti sbagliato,,Miro Bilan,missed,583,1783,675,252,0
116,2 punti segnato,,Miro Bilan,made,589,1789,750,224,0
117,3 punti sbagliato,,Jason Burnell,missed,33,1833,165,644,6
118,3 punti sbagliato,,Miro Bilan,missed,45,1845,825,980,7
119,2 punti sbagliato,,Jason Burnell,missed,45,1845,870,336,0
120,2 punti sbagliato,,Nicola Akele,missed,64,1864,780,616,3
121,3 punti sbagliato,,Kenny Gabriel,missed,157,1957,855,980,7
122,3 punti segnato,David Reginald Cournooh,Kenny Gabriel,made,168,1968,105,672,6
123,2 punti sbagliato,,Semaj Christon,missed,274,2074,525,252,0
124,2 punti segnato,,Miro Bilan,made,282,2082,750,392,0
125,3 punti segnato,Amedeo Della Valle,Kenny Gabriel,made,351,2151,1185,784,7
126,3 punti segnato,,Amedeo Della Valle,made,388,2188,855,1008,7
127,3 punti segnato,Semaj Christon,John Petrucelli,made,433,2233,1395,504,8
128,2 punti segnato,,Amedeo Della Valle,made,477,2277,435,504,2
129,2 punti segnato,,John Petrucelli,made,512,2312,795,644,3
130,2 punti segnato,Semaj Christon,John Petrucelli,made,541,2341,645,196,0
131,3 punti sbagliato,,John Petrucelli,missed,583,2383,165,644,6
132,3 punti sbagliato,,Amedeo Della Valle,missed,600,2400,1245,924,7
133,2 punti sbagliato,,Semaj Christon,missed,28,28,630,336,0
134,2 punti sbagliato,,Amedeo Della Valle,missed,53,53,720,224,0
135,3 punti segnato,Amedeo Della Valle,John Petrucelli,made,89,89,120,476,5
136,3 punti segnato,Miro Bilan,Amedeo Della Valle,made,116,116,45,140,5
137,3 punti segnato,Amedeo Della Valle,Kenny Gabriel,made,154,154,300,756,6
138,2 punti sbagliato,,Miro Bilan,missed,213,213,660,168,0
139,2 punti segnato,John Petrucelli,Miro Bilan,made,244,244,735,168,0
140,2 punti segnato,,John Petrucelli,made,284,284,930,280,0
141,3 punti segnato,John Petrucelli,Amedeo Della Valle,made,332,332,1125,840,7
142,3 punti sbagliato,,Amedeo Della Valle,missed,364,364,1035,868,7
143,2 punti segnato,,Kenny Gabriel,made,383,383,510,168,0
144,3 punti segnato,Semaj Christon,Kenny Gabriel,made,406,406,825,896,7
145,2 punti segnato,C.J. Massinburg,Miro Bilan,made,437,437,705,196,0
146,2 punti segnato,,Semaj Christon,made,469,469,645,252,0
147,2 punti segnato,Semaj Christon,Miro Bilan,made,496,496,795,364,0
148,2 punti sbagliato,,C.J. Massinburg,missed,532,532,1005,168,4
149,2 punti segnato,,Semaj Christon,made,573,573,705,196,0
150,3 punti sbagliato,,Semaj Christon,missed,600,600,630,924,6
151,3 punti segnato,C.J. Massinburg,David Reginald Cournooh,made,16,616,315,728,6
152,2 punti segnato,David Reginald Cournooh,Jason Burnell,made,47,647,735,168,0
153,3 punti sbagliato,,C.J. Massinburg,missed,84,684,1185,756,7
154,2 punti sbagliato,,C.J. Massinburg,missed,113,713,810,196,0
155,2 punti segnato,,Jason Burnell,made,116,716,735,252,0
156,2 punti segnato,C.J. Massinburg,Kenny Gabriel,made,139,739,765,168,0
157,2 punti sbagliato,,Nicola Akele,missed,176,776,645,280,0
158,3 punti sbagliato,,Jason Burnell,missed,222,822,225,644,6
159,3 punti sbagliato,,Kenny Gabriel,missed,239,839,1095,952,7
160,3 punti segnato,Miro Bilan,David Reginald Cournooh,made,280,880,795,896,7
161,2 punti sbagliato,,Miro Bilan,missed,310,910,765,448,3
162,2 punti segnato,,,made,330,930,735,560,2
163,2 punti segnato,Jason Burnell,Amedeo Della Valle,made,355,955,645,504,2
164,3 punti segnato,David Reginald Cournooh,C.J. Massinburg,made,389,989,45,168,5
165,2 punti segnato,Semaj Christon,Jason Burnell,made,451,1051,720,224,0
166,2 punti sbagliato,,Miro Bilan,missed,481,1081,750,252,0
167,2 punti segnato,Miro Bilan,John Petrucelli,made,486,1086,885,336,0
168,2 punti segnato,Semaj Christon,John Petrucelli,made,537,1137,765,224,0
169,3 punti sbagliato,,Amedeo Della Valle,missed,565,1165,705,952,6
170,3 punti segnato,Semaj Christon,Kenny Gabriel,made,576,1176,735,896,6
171,3 punti segnato,Amedeo Della Valle,Semaj Christon,made,597,1197,435,980,6
172,3 punti sbagliato,,Kenny Gabriel,missed,14,1214,375,784,6
173,2 punti segnato,,Miro Bilan,made,121,1321,765,168,0
174,2 punti segnato,Semaj Christon,Kenny Gabriel,made,146,1346,720,168,0
175,3 punti segnato,Kenny Gabriel,Amedeo Della Valle,made,177,1377,270,700,6
176,3 punti sbagliato,,John Petrucelli,missed,245,1445,90,448,5
177,3 punti segnato,Amedeo Della Valle,John Petrucelli,made,277,1477,1110,784,7
178,3 punti segnato,Miro Bilan,Amedeo Della Valle,made,352,1552,60,140,5
179,3 punti sbagliato,,Amedeo Della Valle,missed,382,1582,165,588,6
180,3 punti sbagliato,,Amedeo Della Valle,missed,409,1609,660,868,6
181,2 punti segnato,,Miro Bilan,made,433,1633,735,224,0
182,3 punti sbagliato,,C.J. Massinburg,missed,487,1687,525,840,6
183,2 punti segnato,Jason Burnell,C.J. Massinburg,made,492,1692,810,196,0
184,3 punti sbagliato,,Matteo Porto,missed,532,1732,1440,140,8
185,2 punti segnato,,C.J. Massinburg,made,568,1768,825,252,0
186,3 punti sbagliato,,Matteo Porto,missed,598,1798,1485,336,8
187,3 punti segnato,David Reginald Cournooh,C.J. Massinburg,made,34,1834,360,812,6
188,2 punti segnato,C.J. Massinburg,Jason Burnell,made,78,1878,795,280,0
189,3 punti sbagliato,,Jason Burnell,missed,110,1910,510,812,6
190,2 punti sbagliato,,Nicola Akele,missed,141,1941,795,280,0
191,2 punti segnato,David Reginald Cournooh,Jason Burnell,made,166,1966,630,448,2
192,3 punti sbagliato,,Nicola Akele,missed,206,2006,315,728,6
193,2 punti segnato,,Nicola Akele,made,218,2018,750,308,0
194,2 punti segnato,,Jason Burnell,made,236,2036,780,140,0
195,2 punti sbagliato,,Nicola Akele,missed,274,2074,660,224,0
196,2 punti sbagliato,,C.J. Massinburg,missed,291,2091,705,224,0
197,3 punti sbagliato,,Jason Burnell,missed,350,2150,1140,784,7
198,3 punti segnato,Nicola Akele,C.J. Massinburg,made,354,2154,765,868,7
199,2 punti segnato,Nicola Akele,Jason Burnell,made,426,2226,750,308,0
200,2 punti sbagliato,,Nicola Akele,missed,447,2247,780,280,0
201,3 punti sbagliato,,John Petrucelli,missed,481,2281,450,840,6
202,2 punti segnato,,C.J. Massinburg,made,484,2284,765,168,0
203,3 punti sbagliato,,David Reginald Cournooh,missed,512,2312,975,868,7
204,3 punti sbagliato,,Matteo Porto,missed,535,2335,720,868,6
205,2 punti sbagliato,,Matteo Porto,missed,579,2379,990,280,4
206,2 punti segnato,John Petrucelli,Matteo Porto,made,584,2384,825,168,0
207,2 punti sbagliato,,Semaj Christon,missed,24,24,510,728,2
208,2 punti segnato,John Petrucelli,Miro Bilan,made,52,52,825,196,0
209,3 punti sbagliato,,Amedeo Della Valle,missed,98,98,480,840,6
210,2 punti sbagliato,,John Petrucelli,missed,117,117,885,196,0
211,2 punti sbagliato,,Miro Bilan,missed,139,139,915,252,0
212,3 punti sbagliato,,Amedeo Della Valle,missed,178,178,315,812,6
213,2 punti segnato,,John Petrucelli,made,210,210,780,280,0
214,3 punti segnato,Semaj Christon,John Petrucelli,made,250,250,1410,420,8
215,3 punti segnato,Semaj Christon,Amedeo Della Valle,made,267,267,1260,700,7
216,2 punti sbagliato,,Nicola Akele,missed,332,332,855,252,0
217,2 punti segnato,Semaj Christon,Miro Bilan,made,345,345,780,140,0
218,2 punti segnato,,C.J. Massinburg,made,384,384,645,196,0
219,3 punti sbagliato,,Kenny Gabriel,missed,391,391,1440,476,8
220,3 punti sbagliato,,Kenny Gabriel,missed,464,464,1170,812,7
221,2 punti segnato,,Semaj Christon,made,487,487,825,196,0
222,2 punti sbagliato,,Semaj Christon,missed,523,523,705,308,0
223,2 punti segnato,,Jason Burnell,made,559,559,885,224,0
224,3 punti segnato,,C.J. Massinburg,made,594,594,615,840,6
225,2 punti sbagliato,,Kenny Gabriel,missed,21,621,615,196,0
226,2 punti segnato,C.J. Massinburg,Michael Cobbins,made,53,653,735,140,0
227,2 punti sbagliato,,Jason Burnell,missed,101,701,960,308,3
228,3 punti segnato,Jason Burnell,C.J. Massinburg,made,130,730,795,896,7
229,2 punti sbagliato,,David Reginald Cournooh,missed,157,757,660,280,0
230,2 punti segnato,Jason Burnell,Kenny Gabriel,made,178,778,735,168,0
231,3 punti sbagliato,,C.J. Massinburg,missed,214,814,150,560,6
232,2 punti segnato,C.J. Massinburg,Miro Bilan,made,244,844,690,168,0
233,2 punti sbagliato,,Miro Bilan,missed,281,881,690,252,0
234,2 punti segnato,Jason Burnell,Miro Bilan,made,295,895,840,252,0
235,2 punti segnato,Jason Burnell,Miro Bilan,made,325,925,810,168,0
236,2 punti segnato,C.J. Massinburg,Miro Bilan,made,360,960,765,252,0
237,3 punti sbagliato,,C.J. Massinburg,missed,391,991,255,700,6
238,2 punti segnato,,Semaj Christon,made,432,1032,870,196,0
239,2 punti sbagliato,,Jason Burnell,missed,467,1067,945,560,3
240,3 punti sbagliato,,Jason Burnell,missed,531,1131,1380,588,7
241,2 punti segnato,,Miro Bilan,made,548,1148,750,392,0
242,2 punti segnato,,Semaj Christon,made,42,1242,810,168,0
243,2 punti segnato,,Nicola Akele,made,60,1260,855,196,0
244,2 punti segnato,Semaj Christon,Miro Bilan,made,87,1287,735,196,0
245,3 punti segnato,Semaj Christon,Amedeo Della Valle,made,103,1303,1350,560,7
246,3 punti sbagliato,,Nicola Akele,missed,154,1354,1215,728,7
247,2 punti segnato,Amedeo Della Valle,Miro Bilan,made,179,1379,705,308,0
248,2 punti segnato,Semaj Christon,Miro Bilan,made,356,1556,690,196,0
249,3 punti sbagliato,,Amedeo Della Valle,missed,410,1610,825,924,7
250,2 punti sbagliato,,Miro Bilan,missed,459,1659,720,700,2
251,3 punti sbagliato,,Jason Burnell,missed,488,1688,165,672,6
252,2 punti segnato,,Jason Burnell,made,506,1706,690,196,0
253,2 punti sbagliato,,C.J. Massinburg,missed,539,1739,615,224,0
254,3 punti sbagliato,,Semaj Christon,missed,590,1790,330,784,6
255,2 punti sbagliato,,Michael Cobbins,missed,17,1817,765,140,0
256,3 punti sbagliato,,David Reginald Cournooh,missed,46,1846,1275,784,7
257,3 punti sbagliato,,John Petrucelli,missed,161,1961,1125,840,7
258,3 punti sbagliato,,John Petrucelli,missed,199,1999,1365,672,7
259,3 punti sbagliato,,Semaj Christon,missed,220,2020,945,924,7
260,3 punti segnato,Semaj Christon,John Petrucelli,made,293,2093,810,924,7
261,2 punti sbagliato,,John Petrucelli,missed,330,2130,780,448,3
262,3 punti sbagliato,,C.J. Massinburg,missed,357,2157,1260,784,7
263,3 punti segnato,C.J. Massinburg,Kenny Gabriel,made,423,2223,1260,784,7
264,3 punti sbagliato,,John Petrucelli,missed,465,2265,780,924,7
265,3 punti sbagliato,,Amedeo Della Valle,missed,524,2324,1110,924,7
266,2 punti sbagliato,,Semaj Christon,missed,562,2362,1080,560,3
267,2 punti segnato,C.J. Massinburg,Miro Bilan,made,572,2372,810,336,0
268,2 punti sbagliato,,Amedeo Della Valle,missed,590,2390,1155,364,4
269,2 punti segnato,,Semaj Christon,made,34,34,525,504,2
270,2 punti sbagliato,,John Petrucelli,missed,53,53,675,140,0
271,3 punti sbagliato,,John Petrucelli,missed,100,100,135,616,6
272,2 punti segnato,,Nicola Akele,made,104,104,690,140,0
273,2 punti segnato,Semaj Christon,Nicola Akele,made,149,149,735,168,0
274,2 punti sbagliato,,Miro Bilan,missed,218,218,735,308,0
275,3 punti sbagliato,,Semaj Christon,missed,328,328,405,840,6
276,3 punti segnato,,Amedeo Della Valle,made,343,343,930,868,7
277,2 punti sbagliato,,Amedeo Della Valle,missed,412,412,600,280,0
278,2 punti segnato,Miro Bilan,Nicola Akele,made,425,425,735,168,0
279,2 punti segnato,David Reginald Cournooh,Amedeo Della Valle,made,463,463,1275,224,4
280,3 punti sbagliato,,Kenny Gabriel,missed,503,503,1320,672,7
281,2 punti segnato,,Jason Burnell,made,507,507,705,168,0
282,2 punti segnato,Miro Bilan,Jason Burnell,made,544,544,855,224,0
283,2 punti segnato,C.J. Massinburg,Miro Bilan,made,584,584,690,168,0
284,3 punti sbagliato,,Amedeo Della Valle,missed,600,600,540,868,6
285,3 punti sbagliato,,Jason Burnell,missed,15,615,1425,392,8
286,2 punti segnato,,David Reginald Cournooh,made,43,643,960,224,0
287,2 punti sbagliato,,David Reginald Cournooh,missed,105,705,1200,308,4
288,3 punti segnato,C.J. Massinburg,Kenny Gabriel,made,140,740,1095,812,7
289,3 punti sbagliato,,Kenny Gabriel,missed,176,776,1095,896,7
290,2 punti segnato,,John Petrucelli,made,208,808,840,196,0
291,2 punti segnato,,David Reginald Cournooh,made,228,828,705,168,0
292,3 punti sbagliato,,C.J. Massinburg,missed,272,872,1260,644,7
293,2 punti sbagliato,,David Reginald Cournooh,missed,277,877,660,196,0
294,2 punti sbagliato,,David Reginald Cournooh,missed,280,880,1245,280,4
295,2 punti segnato,John Petrucelli,Michael Cobbins,made,316,916,780,224,0
296,3 punti sbagliato,,C.J. Massinburg,missed,344,944,345,728,6
297,3 punti segnato,,Amedeo Della Valle,made,423,1023,255,756,6
298,3 punti segnato,,Amedeo Della Valle,made,466,1066,210,700,6
299,2 punti sbagliato,,Nicola Akele,missed,507,1107,660,252,0
300,3 punti sbagliato,,Amedeo Della Valle,missed,573,1173,420,868,6
301,3 punti sbagliato,,Semaj Christon,missed,34,1234,1275,672,7
302,3 punti sbagliato,,Amedeo Della Valle,missed,92,1292,1215,756,7
303,3 punti sbagliato,,Amedeo Della Valle,missed,189,1389,270,784,6
304,2 punti sbagliato,,Amedeo Della Valle,missed,275,1475,615,560,2
305,2 punti segnato,,John Petrucelli,made,318,1518,660,168,0
306,2 punti sbagliato,,David Reginald Cournooh,missed,348,1548,705,168,0
307,3 punti sbagliato,,Jason Burnell,missed,426,1626,120,560,6
308,3 punti segnato,David Reginald Cournooh,C.J. Massinburg,made,495,1695,1200,756,7
309,3 punti segnato,David Reginald Cournooh,Michael Cobbins,made,543,1743,240,700,6
310,3 punti sbagliato,,Kenny Gabriel,missed,571,1771,765,924,7
311,3 punti sbagliato,,Jason Burnell,missed,598,1798,1230,812,7
312,2 punti sbagliato,,Kenny Gabriel,missed,12,1812,1065,364,3
313,2 punti sbagliato,,David Reginald Cournooh,missed,35,1835,645,252,0
314,2 punti sbagliato,,Semaj Christon,missed,88,1888,615,196,0
315,3 punti sbagliato,,Kenny Gabriel,missed,114,1914,300,784,6
316,2 punti segnato,,Semaj Christon,made,151,1951,555,616,2
317,2 punti sbagliato,,Semaj Christon,missed,187,1987,945,392,3
318,3 punti segnato,Semaj Christon,C.J. Massinburg,made,215,2015,300,756,6
319,2 punti segnato,Semaj Christon,Miro Bilan,made,249,2049,765,140,0
320,2 punti segnato,,Semaj Christon,made,281,2081,930,616,3
321,2 punti sbagliato,,Semaj Christon,missed,358,2158,795,644,3
322,3 punti sbagliato,,C.J. Massinburg,missed,433,2233,420,840,6
323,2 punti sbagliato,,Semaj Christon,missed,464,2264,960,252,0
324,3 punti sbagliato,,Amedeo Della Valle,missed,489,2289,1290,700,7
325,2 punti segnato,,Jason Burnell,made,504,2304,735,168,0
326,3 punti sbagliato,,C.J. Massinburg,missed,554,2354,1290,672,7
327,3 punti sbagliato,,John Petrucelli,missed,597,2397,135,560,6
328,2 punti sbagliato,,Amedeo Della Valle,missed,31,31,1140,336,4
329,3 punti segnato,Semaj Christon,Kenny Gabriel,made,61,61,1230,756,7
330,2 punti sbagliato,,Miro Bilan,missed,103,103,540,224,0
331,2 punti segnato,,Semaj Christon,made,174,174,1020,420,3
332,2 punti sbagliato,,John Petrucelli,missed,219,219,990,504,3
333,2 punti sbagliato,,Miro Bilan,missed,267,267,1005,364,3
334,2 punti sbagliato,,Miro Bilan,missed,296,296,885,140,0
335,2 punti sbagliato,,Miro Bilan,missed,323,323,720,196,0
336,2 punti sbagliato,,John Petrucelli,missed,352,352,810,252,0
337,2 punti segnato,,John Petrucelli,made,357,357,810,196,0
338,2 punti segnato,,Semaj Christon,made,398,398,750,224,0
339,2 punti segnato,,Semaj Christon,made,445,445,630,700,2
340,3 punti segnato,Semaj Christon,Amedeo Della Valle,made,483,483,345,728,6
341,2 punti sbagliato,,Semaj Christon,missed,517,517,570,140,0
342,2 punti sbagliato,,Semaj Christon,missed,547,547,750,308,0
343,2 punti sbagliato,,Semaj Christon,missed,547,547,750,308,0
344,2 punti sbagliato,,Amedeo Della Valle,missed,587,587,795,196,0
345,3 punti sbagliato,,Jason Burnell,missed,15,615,60,140,5
346,2 punti sbagliato,,David Reginald Cournooh,missed,43,643,870,504,3
347,3 punti segnato,David Reginald Cournooh,C.J. Massinburg,made,147,747,390,812,6
348,2 punti sbagliato,,C.J. Massinburg,missed,196,796,765,308,0
349,2 punti segnato,Jason Burnell,Miro Bilan,made,227,827,720,196,0
350,2 punti sbagliato,,C.J. Massinburg,missed,267,867,795,196,0
351,2 punti sbagliato,,Jason Burnell,missed,267,867,345,252,1
352,3 punti sbagliato,,Nicola Akele,missed,335,935,225,700,6
353,2 punti sbagliato,,Semaj Christon,missed,343,943,660,196,0
354,2 punti segnato,,Miro Bilan,made,343,943,660,196,0
355,3 punti sbagliato,,Kenny Gabriel,missed,412,1012,1170,784,7
356,2 punti segnato,,John Petrucelli,made,419,1019,765,252,0
357,2 punti segnato,Miro Bilan,,made,538,1138,1170,140,4
358,2 punti sbagliato,,Miro Bilan,missed,38,1238,780,196,0
359,2 punti sbagliato,,Miro Bilan,missed,42,1242,795,196,0
360,2 punti sbagliato,,Semaj Christon,missed,81,1281,840,700,3
361,3 punti sbagliato,,Amedeo Della Valle,missed,143,1343,645,868,6
362,2 punti segnato,,Semaj Christon,made,172,1372,975,448,3
363,3 punti sbagliato,,Kenny Gabriel,missed,220,1420,510,840,6
364,2 punti sbagliato,,Nicola Akele,missed,287,1487,720,168,0
365,3 punti sbagliato,,Amedeo Della Valle,missed,303,1503,390,756,6
366,2 punti segnato,,Semaj Christon,made,330,1530,750,448,2
367,2 punti segnato,Amedeo Della Valle,Miro Bilan,made,359,1559,705,196,0
368,2 punti segnato,Semaj Christon,Jason Burnell,made,378,1578,765,252,0
369,3 punti sbagliato,,Jason Burnell,missed,460,1660,240,672,6
370,2 punti segnato,Semaj Christon,Jason Burnell,made,525,1725,705,224,0
371,2 punti sbagliato,,John Petrucelli,missed,551,1751,945,280,0
372,3 punti sbagliato,,C.J. Massinburg,missed,563,1763,615,868,6
373,3 punti sbagliato,,Semaj Christon,missed,598,1798,405,588,2
374,2 punti segnato,,C.J. Massinburg,made,18,1818,1020,560,3
375,3 punti sbagliato,,John Petrucelli,missed,54,1854,390,784,6
376,2 punti sbagliato,,David Reginald Cournooh,missed,92,1892,1005,448,3
377,2 punti sbagliato,,John Petrucelli,missed,138,1938,735,196,0
378,2 punti segnato,,David Reginald Cournooh,made,176,1976,975,280,4
379,2 punti segnato,,C.J. Massinburg,made,213,2013,765,252,0
380,2 punti segnato,,C.J. Massinburg,made,257,2057,915,476,3
381,2 punti sbagliato,,Semaj Christon,missed,294,2094,855,196,0
382,2 punti segnato,Amedeo Della Valle,Semaj Christon,made,326,2126,720,168,0
383,3 punti sbagliato,,Amedeo Della Valle,missed,373,2173,735,868,6
384,3 punti segnato,,C.J. Massinburg,made,428,2228,855,868,7
385,2 punti segnato,Semaj Christon,Miro Bilan,made,460,2260,840,168,0
386,3 punti sbagliato,,Semaj Christon,missed,502,2302,1140,784,7
387,3 punti sbagliato,,Kenny Gabriel,missed,535,2335,1260,672,7
388,3 punti segnato,Amedeo Della Valle,Miro Bilan,made,569,2369,1020,812,7
389,2 punti segnato,,C.J. Massinburg,made,595,2395,795,168,0
390,2 punti segnato,,Semaj Christon,made,16,16,660,224,0
391,2 punti sbagliato,,Miro Bilan,missed,46,46,780,168,0
392,2 punti sbagliato,,Semaj Christon,missed,74,74,780,644,3
393,3 punti segnato,Kenny Gabriel,Semaj Christon,made,108,108,1410,392,8
394,2 punti sbagliato,,Amedeo Della Valle,missed,119,119,915,392,3
395,2 punti sbagliato,,Amedeo Della Valle,missed,129,129,930,392,3
396,3 punti segnato,Miro Bilan,John Petrucelli,made,139,139,60,196,5
397,2 punti sbagliato,,Miro Bilan,missed,143,143,660,224,0
398,2 punti sbagliato,,John Petrucelli,missed,147,147,630,280,0
399,2 punti segnato,,Amedeo Della Valle,made,213,213,435,532,2
400,2 punti segnato,,Miro Bilan,made,246,246,780,196,0
401,2 punti segnato,Semaj Christon,John Petrucelli,made,318,318,795,308,0
402,2 punti segnato,Semaj Christon,John Petrucelli,made,361,361,765,252,0
403,2 punti segnato,Semaj Christon,Miro Bilan,made,396,396,735,196,0
404,2 punti sbagliato,,Semaj Christon,missed,455,455,630,252,0
405,3 punti segnato,,C.J. Massinburg,made,500,500,450,840,6
406,2 punti sbagliato,,David Reginald Cournooh,missed,526,526,750,644,2
407,3 punti segnato,David Reginald Cournooh,C.J. Massinburg,made,573,573,915,924,7
408,2 punti segnato,David Reginald Cournooh,Michael Cobbins,made,24,624,750,140,0
409,2 punti sbagliato,,C.J. Massinburg,missed,76,676,1020,280,4
410,2 punti sbagliato,,Michael Cobbins,missed,117,717,840,112,0
411,2 punti sbagliato,,Jason Burnell,missed,151,751,810,252,0
412,2 punti segnato,,David Reginald Cournooh,made,187,787,720,224,0
413,2 punti sbagliato,,Nicola Akele,missed,232,832,885,168,0
414,3 punti segnato,C.J. Massinburg,Jason Burnell,made,276,876,375,784,6
415,2 punti sbagliato,,Miro Bilan,missed,316,916,720,252,0
416,2 punti segnato,,C.J. Massinburg,made,325,925,765,140,0
417,3 punti segnato,Semaj Christon,C.J. Massinburg,made,356,956,510,896,6
418,3 punti sbagliato,,Amedeo Della Valle,missed,380,980,1455,168,8
419,2 punti segnato,,Jason Burnell,made,390,990,780,280,0
420,3 punti sbagliato,,Semaj Christon,missed,431,1031,345,784,6
421,2 punti sbagliato,,Semaj Christon,missed,447,1047,765,784,3
422,2 punti segnato,Jason Burnell,Semaj Christon,made,459,1059,795,168,0
423,3 punti sbagliato,,Kenny Gabriel,missed,471,1071,1275,700,7
424,2 punti segnato,,Semaj Christon,made,471,1071,735,336,0
425,2 punti segnato,,Semaj Christon,made,17,1217,795,168,0
426,2 punti segnato,Miro Bilan,Semaj Christon,made,48,1248,855,364,0
427,2 punti sbagliato,,Semaj Christon,missed,94,1294,615,364,2
428,2 punti segnato,,Miro Bilan,made,105,1305,735,392,0
429,3 punti segnato,Semaj Christon,John Petrucelli,made,133,1333,285,700,6
430,2 punti segnato,,Semaj Christon,made,173,1373,765,168,0
431,2 punti sbagliato,,John Petrucelli,missed,209,1409,435,448,2
432,2 punti segnato,,Miro Bilan,made,209,1409,435,448,2
433,3 punti segnato,Miro Bilan,Amedeo Della Valle,made,261,1461,1425,588,7
434,2 punti sbagliato,,Miro Bilan,missed,319,1519,825,224,0
435,3 punti segnato,,Amedeo Della Valle,made,380,1580,420,812,6
436,2 punti segnato,Amedeo Della Valle,Jason Burnell,made,424,1624,765,196,0
437,3 punti sbagliato,,Kenny Gabriel,missed,478,1678,1380,560,7
438,3 punti segnato,,Amedeo Della Valle,made,478,1678,600,868,6
439,2 punti sbagliato,,C.J. Massinburg,missed,577,1777,1155,588,3
440,3 punti segnato,Michael Cobbins,David Reginald Cournooh,made,584,1784,300,784,6
441,2 punti sbagliato,,Jason Burnell,missed,18,1818,750,140,0
442,2 punti sbagliato,,John Petrucelli,missed,18,1818,750,140,0
443,2 punti sbagliato,,C.J. Massinburg,missed,47,1847,765,476,3
444,2 punti segnato,,Michael Cobbins,made,73,1873,765,112,0
445,2 punti segnato,,Jason Burnell,made,93,1893,810,168,0
446,2 punti sbagliato,,Jason Burnell,missed,163,1963,1200,224,4
447,2 punti sbagliato,,C.J. Massinburg,missed,187,1987,1335,196,4
448,2 punti sbagliato,,John Petrucelli,missed,201,2001,795,224,0
449,3 punti segnato,Jason Burnell,John Petrucelli,made,231,2031,585,924,6
450,2 punti segnato,Semaj Christon,Miro Bilan,made,307,2107,810,252,0
451,2 punti segnato,,C.J. Massinburg,made,333,2133,795,196,0
452,2 punti segnato,Jason Burnell,John Petrucelli,made,367,2167,840,308,0
453,2 punti segnato,Nicola Akele,Miro Bilan,made,393,2193,810,196,0
454,2 punti segnato,,Miro Bilan,made,417,2217,765,196,0
455,3 punti sbagliato,,Amedeo Della Valle,missed,465,2265,465,840,6
456,2 punti sbagliato,,Matteo Porto,missed,520,2320,675,252,0
457,2 punti segnato,,Miro Bilan,made,520,2320,675,252,0
458,2 punti segnato,,Amedeo Della Valle,made,50,50,330,252,1
459,3 punti sbagliato,,Semaj Christon,missed,80,80,720,924,6
460,2 punti sbagliato,,Semaj Christon,missed,146,146,645,112,0
461,2 punti segnato,Amedeo Della Valle,Miro Bilan,made,147,147,720,196,0
462,2 punti segnato,Amedeo Della Valle,Miro Bilan,made,170,170,705,196,0
463,2 punti sbagliato,,Amedeo Della Valle,missed,213,213,615,448,2
464,3 punti segnato,Semaj Christon,John Petrucelli,made,255,255,450,840,6
465,2 punti sbagliato,,Semaj Christon,missed,360,360,810,532,3
466,2 punti sbagliato,,Jason Burnell,missed,444,444,540,224,0
467,2 punti sbagliato,,Miro Bilan,missed,444,444,540,224,0
468,2 punti segnato,,Jason Burnell,made,444,444,540,224,0
469,2 punti sbagliato,,Kenny Gabriel,missed,452,452,510,336,2
470,3 punti sbagliato,,Jason Burnell,missed,512,512,1455,168,8
471,2 punti segnato,,Miro Bilan,made,524,524,690,196,0
472,2 punti sbagliato,,Semaj Christon,missed,574,574,705,560,2
473,2 punti segnato,,Nicola Akele,made,598,598,765,196,0
474,3 punti sbagliato,,David Reginald Cournooh,missed,14,614,210,672,6
475,2 punti segnato,Jason Burnell,Nicola Akele,made,49,649,825,168,0
476,2 punti segnato,,C.J. Massinburg,made,79,679,765,224,0
477,3 punti sbagliato,,C.J. Massinburg,missed,107,707,1080,840,7
478,2 punti sbagliato,,Michael Cobbins,missed,143,743,660,532,2
479,3 punti sbagliato,,C.J. Massinburg,missed,208,808,465,840,6
480,3 punti sbagliato,,Jason Burnell,missed,215,815,60,168,5
481,2 punti sbagliato,,Jason Burnell,missed,259,859,1110,196,4
482,2 punti sbagliato,,Michael Cobbins,missed,268,868,930,280,0
483,2 punti segnato,John Petrucelli,Kenny Gabriel,made,297,897,1335,224,4
484,3 punti sbagliato,,Amedeo Della Valle,missed,321,921,720,924,6
485,3 punti sbagliato,,John Petrucelli,missed,351,951,990,868,7
486,3 punti sbagliato,,Kenny Gabriel,missed,380,980,330,756,6
487,3 punti segnato,Amedeo Della Valle,C.J. Massinburg,made,419,1019,615,924,6
488,2 punti sbagliato,,Amedeo Della Valle,missed,447,1047,765,336,0
489,2 punti sbagliato,,Kenny Gabriel,missed,455,1055,675,336,0
490,2 punti segnato,,Miro Bilan,made,455,1055,675,336,0
491,3 punti sbagliato,,John Petrucelli,missed,484,1084,1455,196,8
492,2 punti segnato,,John Petrucelli,made,533,1133,735,168,0
493,2 punti segnato,Miro Bilan,John Petrucelli,made,569,1169,750,196,0
494,3 punti segnato,Amedeo Della Valle,John Petrucelli,made,45,1245,1125,756,7
495,3 punti sbagliato,,Kenny Gabriel,missed,96,1296,465,868,6
496,3 punti sbagliato,,Amedeo Della Valle,missed,139,1339,1275,700,7
497,2 punti segnato,Semaj Christon,Miro Bilan,made,168,1368,765,112,0
498,2 punti segnato,,Amedeo Della Valle,made,194,1394,720,168,0
499,3 punti sbagliato,,Kenny Gabriel,missed,298,1498,1455,364,8
500,2 punti segnato,,John Petrucelli,made,302,1502,795,196,0
501,2 punti segnato,,Semaj Christon,made,324,1524,750,196,0
502,2 punti segnato,Semaj Christon,Michael Cobbins,made,360,1560,780,140,0
503,2 punti sbagliato,,Michael Cobbins,missed,424,1624,870,168,0
504,2 punti segnato,,Semaj Christon,made,454,1654,765,560,3
505,2 punti sbagliato,,Michael Cobbins,missed,454,1654,735,168,0
506,2 punti segnato,Semaj Christon,Michael Cobbins,made,476,1676,780,224,0
507,2 punti sbagliato,,Semaj Christon,missed,517,1717,930,168,0
508,3 punti sbagliato,,Semaj Christon,missed,580,1780,375,784,6
509,3 punti sbagliato,,Semaj Christon,missed,597,1797,750,1232,6
510,2 punti sbagliato,,David Reginald Cournooh,missed,19,1819,810,112,0
511,3 punti sbagliato,,C.J. Massinburg,missed,38,1838,1275,700,7
512,2 punti segnato,Miro Bilan,Jason Burnell,made,111,1911,765,196,0
513,2 punti sbagliato,,David Reginald Cournooh,missed,151,1951,645,224,0
514,2 punti segnato,,C.J. Massinburg,made,179,1979,825,252,0
515,3 punti sbagliato,,C.J. Massinburg,missed,226,2026,1485,392,8
516,3 punti sbagliato,,David Reginald Cournooh,missed,243,2043,915,896,7
517,2 punti segnato,C.J. Massinburg,Miro Bilan,made,293,2093,810,140,0
518,3 punti sbagliato,,Kenny Gabriel,missed,336,2136,1110,812,7
519,2 punti segnato,Jason Burnell,Kenny Gabriel,made,341,2141,705,168,0
520,3 punti sbagliato,,Amedeo Della Valle,missed,392,2192,825,896,7
521,2 punti sbagliato,,Amedeo Della Valle,missed,408,2208,420,616,2
522,2 punti segnato,Miro Bilan,Jason Burnell,made,433,2233,840,224,0
523,2 punti sbagliato,,Miro Bilan,missed,475,2275,765,476,3
524,2 punti segnato,Miro Bilan,Jason Burnell,made,525,2325,780,168,0
525,2 punti segnato,Semaj Christon,Jason Burnell,made,555,2355,885,224,0
526,2 punti segnato,Semaj Christon,Jason Burnell,made,586,2386,795,252,0
527,2 punti segnato,,Semaj Christon,made,599,2399,765,280,0
528,2 punti sbagliato,,Miro Bilan,missed,23,23,720,280,0
529,3 punti segnato,Semaj Christon,Kenny Gabriel,made,58,58,1290,700,7
530,2 punti segnato,,Amedeo Della Valle,made,93,93,795,168,0
531,2 punti sbagliato,,Kenny Gabriel,missed,130,130,300,532,2
532,2 punti segnato,Semaj Christon,Miro Bilan,made,177,177,810,224,0
533,3 punti segnato,Nicola Akele,Kenny Gabriel,made,229,229,1455,140,8
534,3 punti sbagliato,,Kenny Gabriel,missed,269,269,255,700,6
535,3 punti sbagliato,,Miro Bilan,missed,344,344,690,896,6
536,2 punti sbagliato,,Semaj Christon,missed,378,378,870,308,0
537,2 punti sbagliato,,Miro Bilan,missed,418,418,795,308,0
538,3 punti segnato,Jason Burnell,Kenny Gabriel,made,446,446,1470,308,8
539,3 punti sbagliato,,Amedeo Della Valle,missed,484,484,1035,840,7
540,2 punti sbagliato,,Michael Cobbins,missed,515,515,825,196,0
541,2 punti segnato,,Michael Cobbins,made,553,553,750,196,0
542,2 punti sbagliato,,David Reginald Cournooh,missed,41,641,870,420,3
543,2 punti segnato,,David Reginald Cournooh,made,71,671,885,224,0
544,2 punti sbagliato,,C.J. Massinburg,missed,71,671,825,392,3
545,3 punti segnato,,David Reginald Cournooh,made,71,671,120,532,6
546,2 punti segnato,,Jason Burnell,made,177,777,915,336,0
547,2 punti sbagliato,,Jason Burnell,missed,200,800,1200,280,4
548,3 punti sbagliato,,David Reginald Cournooh,missed,226,826,210,672,6
549,2 punti segnato,Jason Burnell,David Reginald Cournooh,made,265,865,780,476,3
550,3 punti sbagliato,,Jason Burnell,missed,309,909,60,168,5
551,3 punti segnato,,Amedeo Della Valle,made,371,971,1260,728,7
552,2 punti segnato,,Amedeo Della Valle,made,416,1016,945,196,0
553,2 punti sbagliato,,Miro Bilan,missed,436,1036,720,336,0
554,2 punti sbagliato,,Amedeo Della Valle,missed,439,1039,1245,504,3
555,2 punti sbagliato,,Semaj Christon,missed,491,1091,825,280,0
556,3 punti sbagliato,,Nicola Akele,missed,539,1139,60,252,5
557,2 punti segnato,Amedeo Della Valle,Miro Bilan,made,570,1170,750,140,0
558,2 punti segnato,,Semaj Christon,made,598,1198,765,308,0
559,2 punti sbagliato,,Miro Bilan,missed,55,1255,840,252,0
560,2 punti segnato,,Miro Bilan,made,55,1255,840,252,0
561,3 punti sbagliato,,Amedeo Della Valle,missed,88,1288,195,672,6
562,2 punti segnato,,Semaj Christon,made,143,1343,690,504,2
563,2 punti segnato,Semaj Christon,Amedeo Della Valle,made,167,1367,750,196,0
564,3 punti sbagliato,,Amedeo Della Valle,missed,188,1388,1395,504,8
565,2 punti sbagliato,,Semaj Christon,missed,199,1399,675,196,0
566,2 punti segnato,Miro Bilan,Jason Burnell,made,314,1514,750,364,0
567,2 punti sbagliato,,Semaj Christon,missed,368,1568,945,392,3
568,3 punti segnato,Miro Bilan,C.J. Massinburg,made,397,1597,1020,840,7
569,2 punti sbagliato,,Semaj Christon,missed,439,1639,855,588,3
570,3 punti segnato,Miro Bilan,Amedeo Della Valle,made,447,1647,45,84,5
571,3 punti segnato,,Amedeo Della Valle,made,484,1684,675,896,6
572,2 punti segnato,Amedeo Della Valle,Michael Cobbins,made,516,1716,735,168,0
573,3 punti segnato,Jason Burnell,Amedeo Della Valle,made,555,1755,330,728,6
574,3 punti sbagliato,,C.J. Massinburg,missed,597,1797,780,1316,7
575,2 punti sbagliato,,Nicola Akele,missed,45,1845,795,364,0
576,2 punti segnato,,David Reginald Cournooh,made,50,1850,750,196,0
577,2 punti sbagliato,,David Reginald Cournooh,missed,111,1911,780,280,0
578,2 punti sbagliato,,Jason Burnell,missed,115,1915,1125,140,4
579,2 punti sbagliato,,David Reginald Cournooh,missed,115,1915,1125,140,4
580,3 punti segnato,Michael Cobbins,C.J. Massinburg,made,153,1953,720,924,6
581,2 punti segnato,,Nicola Akele,made,191,1991,645,252,0
582,2 punti sbagliato,,Nicola Akele,missed,256,2056,795,336,0
583,2 punti sbagliato,,Amedeo Della Valle,missed,278,2078,450,420,2
584,2 punti sbagliato,,Michael Cobbins,missed,319,2119,765,112,0
585,3 punti segnato,,Amedeo Della Valle,made,346,2146,495,868,6
586,2 punti sbagliato,,Semaj Christon,missed,378,2178,630,476,2
587,3 punti sbagliato,,Jason Burnell,missed,398,2198,105,532,6
588,2 punti sbagliato,,Amedeo Della Valle,missed,405,2205,1260,420,4
589,3 punti sbagliato,,Amedeo Della Valle,missed,415,2215,1305,644,7
590,3 punti sbagliato,,Jason Burnell,missed,449,2249,1470,224,8
591,2 punti segnato,Amedeo Della Valle,Miro Bilan,made,486,2286,765,252,0
592,2 punti segnato,,Miro Bilan,made,520,2320,945,280,0
593,2 punti segnato,David Reginald Cournooh,Michael Cobbins,made,572,2372,765,112,0
594,2 punti sbagliato,,Miro Bilan,missed,30,30,930,392,3
595,2 punti segnato,Miro Bilan,Semaj Christon,made,58,58,810,196,0
596,2 punti sbagliato,,Miro Bilan,missed,88,88,885,364,3
597,2 punti sbagliato,,Amedeo Della Valle,missed,111,111,750,448,2
598,2 punti segnato,,John Petrucelli,made,141,141,750,252,0
599,2 punti segnato,,Amedeo Della Valle,made,163,163,870,280,0
600,2 punti segnato,Semaj Christon,Miro Bilan,made,204,204,765,196,0
601,2 punti segnato,John Petrucelli,Amedeo Della Valle,made,217,217,705,140,0
602,2 punti segnato,Miro Bilan,Semaj Christon,made,249,249,900,252,0
603,2 punti sbagliato,,John Petrucelli,missed,334,334,825,308,0
604,2 punti segnato,,Semaj Christon,made,375,375,675,252,0
605,2 punti segnato,,Amedeo Della Valle,made,450,450,900,168,0
606,2 punti sbagliato,,David Reginald Cournooh,missed,500,500,615,728,2
607,2 punti sbagliato,,Miro Bilan,missed,548,548,780,280,0
608,2 punti sbagliato,,David Reginald Cournooh,missed,563,563,900,224,0
609,3 punti sbagliato,,C.J. Massinburg,missed,598,598,1095,924,7
610,3 punti sbagliato,,Nicola Akele,missed,19,619,930,952,7
611,2 punti segnato,,Miro Bilan,made,80,680,810,336,0
612,3 punti segnato,David Reginald Cournooh,Jason Burnell,made,122,722,390,868,6
613,2 punti sbagliato,,Miro Bilan,missed,150,750,690,280,0
614,2 punti sbagliato,,John Petrucelli,missed,186,786,840,392,3
615,2 punti sbagliato,,John Petrucelli,missed,231,831,960,112,0
616,2 punti segnato,,Semaj Christon,made,391,991,735,196,0
617,2 punti sbagliato,,Amedeo Della Valle,missed,431,1031,915,336,0
618,2 punti segnato,,Kenny Gabriel,made,456,1056,480,336,2
619,3 punti sbagliato,,John Petrucelli,missed,507,1107,315,812,6
620,2 punti segnato,,Semaj Christon,made,521,1121,540,728,2
621,2 punti segnato,C.J. Massinburg,Nicola Akele,made,594,1194,690,252,0
622,2 punti sbagliato,,Semaj Christon,missed,38,1238,750,280,0
623,2 punti segnato,Amedeo Della Valle,Miro Bilan,made,100,1300,780,168,0
624,3 punti sbagliato,,Amedeo Della Valle,missed,166,1366,315,728,6
625,2 punti sbagliato,,Kenny Gabriel,missed,197,1397,885,336,0
626,2 punti segnato,Semaj Christon,Miro Bilan,made,238,1438,855,168,0
627,2 punti sbagliato,,John Petrucelli,missed,331,1531,1125,196,4
628,2 punti sbagliato,,Michael Cobbins,missed,390,1590,675,224,0
629,3 punti segnato,John Petrucelli,Semaj Christon,made,416,1616,1185,784,7
630,3 punti segnato,Semaj Christon,John Petrucelli,made,452,1652,330,840,6
631,2 punti sbagliato,,Semaj Christon,missed,483,1683,930,280,0
632,2 punti segnato,,Michael Cobbins,made,483,1683,930,280,0
633,2 punti segnato,Michael Cobbins,Semaj Christon,made,518,1718,885,196,0
634,2 punti sbagliato,,Semaj Christon,missed,600,1800,870,280,0
635,2 punti segnato,Semaj Christon,Miro Bilan,made,16,1816,735,140,0
636,3 punti segnato,C.J. Massinburg,Kenny Gabriel,made,92,1892,1215,756,7
637,2 punti sbagliato,,C.J. Massinburg,missed,124,1924,390,224,1
638,2 punti sbagliato,,Amedeo Della Valle,missed,167,1967,915,252,0
639,3 punti sbagliato,,David Reginald Cournooh,missed,213,2013,945,924,7
640,3 punti sbagliato,,Kenny Gabriel,missed,239,2039,285,896,6
641,3 punti sbagliato,,John Petrucelli,missed,280,2080,930,868,7
642,3 punti sbagliato,,Kenny Gabriel,missed,303,2103,345,896,6
643,2 punti segnato,Kenny Gabriel,Amedeo Della Valle,made,328,2128,750,140,0
644,2 punti sbagliato,,Amedeo Della Valle,missed,356,2156,795,700,3
645,2 punti sbagliato,,John Petrucelli,missed,412,2212,630,196,0
646,2 punti segnato,,John Petrucelli,made,421,2221,735,224,0
647,3 punti segnato,Michael Cobbins,Kenny Gabriel,made,441,2241,60,224,5
648,3 punti sbagliato,,Kenny Gabriel,missed,469,2269,1110,868,7
649,2 punti segnato,,Amedeo Della Valle,made,472,2272,855,168,0
650,3 punti sbagliato,,Semaj Christon,missed,513,2313,570,840,6
651,2 punti segnato,,Semaj Christon,made,561,2361,645,168,0
652,3 punti sbagliato,,John Petrucelli,missed,571,2371,405,784,6
653,2 punti segnato,Semaj Christon,Miro Bilan,made,29,29,675,280,0
654,2 punti segnato,Amedeo Della Valle,Nicola Akele,made,55,55,855,168,0
655,3 punti sbagliato,,Semaj Christon,missed,101,101,720,952,6
656,3 punti segnato,,Amedeo Della Valle,made,129,129,1050,868,7
657,3 punti sbagliato,,John Petrucelli,missed,160,160,915,924,7
658,2 punti sbagliato,,Miro Bilan,missed,160,160,915,924,7
659,2 punti segnato,,Semaj Christon,made,260,260,945,280,0
660,3 punti sbagliato,,Amedeo Della Valle,missed,312,312,1170,784,7
661,2 punti segnato,,Semaj Christon,made,349,349,840,280,0
662,2 punti segnato,,Semaj Christon,made,408,408,825,616,3
663,3 punti segnato,Miro Bilan,Kenny Gabriel,made,437,437,1320,644,7
664,3 punti sbagliato,,Kenny Gabriel,missed,480,480,420,840,6
665,3 punti sbagliato,,Semaj Christon,missed,533,533,585,868,6
666,3 punti sbagliato,,David Reginald Cournooh,missed,540,540,300,756,6
667,2 punti sbagliato,,Semaj Christon,missed,578,578,705,728,2
668,3 punti sbagliato,,Kenny Gabriel,missed,17,617,375,868,6
669,2 punti segnato,Semaj Christon,C.J. Massinburg,made,21,621,360,280,1
670,2 punti segnato,,C.J. Massinburg,made,62,662,765,336,0
671,2 punti segnato,,David Reginald Cournooh,made,129,729,645,308,0
672,3 punti sbagliato,,C.J. Massinburg,missed,166,766,270,728,6
673,3 punti segnato,Semaj Christon,Amedeo Della Valle,made,198,798,1230,700,7
674,2 punti segnato,,Semaj Christon,made,260,860,525,196,0
675,3 punti sbagliato,,Amedeo Della Valle,missed,292,892,720,924,6
676,2 punti segnato,Amedeo Della Valle,Kenny Gabriel,made,328,928,930,168,0
677,2 punti segnato,,Michael Cobbins,made,344,944,765,224,0
678,2 punti segnato,,Michael Cobbins,made,374,974,885,280,0
679,2 punti sbagliato,,Michael Cobbins,missed,407,1007,765,308,0
680,3 punti sbagliato,,Amedeo Della Valle,missed,439,1039,495,840,6
681,2 punti sbagliato,,Semaj Christon,missed,462,1062,585,196,0
682,2 punti sbagliato,,Amedeo Della Valle,missed,502,1102,840,532,3
683,2 punti segnato,,Miro Bilan,made,528,1128,645,112,0
684,3 punti sbagliato,,Amedeo Della Valle,missed,560,1160,600,896,6
685,2 punti sbagliato,,Miro Bilan,missed,22,1222,720,364,0
686,2 punti sbagliato,,Miro Bilan,missed,22,1222,720,364,0
687,2 punti sbagliato,,John Petrucelli,missed,22,1222,720,364,0
688,3 punti sbagliato,,John Petrucelli,missed,90,1290,1215,756,7
689,2 punti sbagliato,,Semaj Christon,missed,119,1319,1065,364,3
690,2 punti segnato,,Amedeo Della Valle,made,151,1351,555,336,2
691,3 punti segnato,Amedeo Della Valle,John Petrucelli,made,172,1372,150,616,6
692,2 punti segnato,Semaj Christon,Nicola Akele,made,198,1398,570,420,2
693,3 punti sbagliato,,Amedeo Della Valle,missed,255,1455,840,868,7
694,3 punti sbagliato,,John Petrucelli,missed,276,1476,600,868,6
695,2 punti sbagliato,,Nicola Akele,missed,312,1512,915,336,0
696,3 punti segnato,Miro Bilan,John Petrucelli,made,347,1547,1095,784,7
697,2 punti segnato,,Amedeo Della Valle,made,386,1586,480,364,2
698,3 punti segnato,,Amedeo Della Valle,made,422,1622,420,868,6
699,3 punti segnato,Kenny Gabriel,C.J. Massinburg,made,460,1660,255,728,6
700,2 punti segnato,,C.J. Massinburg,made,501,1701,645,308,0
701,2 punti segnato,,C.J. Massinburg,made,562,1762,945,476,3
702,3 punti sbagliato,,Jason Burnell,missed,599,1799,870,1260,7
703,3 punti sbagliato,,Kenny Gabriel,missed,15,1815,1335,560,7
704,2 punti segnato,David Reginald Cournooh,Jason Burnell,made,20,1820,1020,280,4
705,3 punti segnato,C.J. Massinburg,Kenny Gabriel,made,116,1916,780,924,7
706,2 punti segnato,,David Reginald Cournooh,made,149,1949,1125,588,3
707,3 punti segnato,David Reginald Cournooh,Jason Burnell,made,181,1981,1200,784,7
708,2 punti sbagliato,,C.J. Massinburg,missed,211,2011,615,504,2
709,2 punti sbagliato,,David Reginald Cournooh,missed,248,2048,915,672,3
710,2 punti sbagliato,,C.J. Massinburg,missed,289,2089,900,392,3
711,2 punti segnato,,Michael Cobbins,made,289,2089,900,392,3
712,2 punti segnato,Michael Cobbins,Kenny Gabriel,made,319,2119,735,280,0
713,3 punti sbagliato,,Jason Burnell,missed,351,2151,615,896,6
714,3 punti sbagliato,,Kenny Gabriel,missed,353,2153,420,812,6
715,3 punti segnato,,C.J. Massinburg,made,366,2166,900,924,7
716,2 punti sbagliato,,Michael Cobbins,missed,414,2214,825,476,3
717,3 punti segnato,David Reginald Cournooh,Amedeo Della Valle,made,458,2258,1065,896,7
718,2 punti sbagliato,,Nicolas Tanfoglio,missed,494,2294,480,476,2
719,3 punti sbagliato,,Amedeo Della Valle,missed,498,2298,225,672,6
720,2 punti sbagliato,,David Reginald Cournooh,missed,525,2325,585,700,2
721,2 punti segnato,Amedeo Della Valle,Michael Cobbins,made,562,2362,870,280,0
722,2 punti segnato,,Semaj Christon,made,52,52,840,224,0
723,3 punti sbagliato,,John Petrucelli,missed,91,91,60,252,5
724,2 punti segnato,,Miro Bilan,made,115,115,750,140,0
725,3 punti segnato,Semaj Christon,Amedeo Della Valle,made,179,179,1455,420,8
726,2 punti sbagliato,,Miro Bilan,missed,224,224,585,224,0
727,2 punti segnato,Miro Bilan,Jason Burnell,made,252,252,675,224,0
728,2 punti segnato,Jason Burnell,Miro Bilan,made,335,335,720,196,0
729,3 punti segnato,Semaj Christon,Amedeo Della Valle,made,364,364,1080,924,7
730,2 punti sbagliato,,Jason Burnell,missed,429,429,570,420,2
731,2 punti segnato,,Semaj Christon,made,458,458,645,196,0
732,3 punti sbagliato,,C.J. Massinburg,missed,496,496,315,840,6
733,3 punti sbagliato,,Kenny Gabriel,missed,504,504,1260,728,7
734,2 punti sbagliato,,Miro Bilan,missed,512,512,690,308,0
735,2 punti sbagliato,,Miro Bilan,missed,512,512,750,252,0
736,3 punti sbagliato,,Kenny Gabriel,missed,565,565,1455,280,8
737,2 punti segnato,,Kenny Gabriel,made,586,586,705,140,0
738,2 punti segnato,Jason Burnell,Michael Cobbins,made,33,633,870,224,0
739,3 punti sbagliato,,Kenny Gabriel,missed,66,666,1320,756,7
740,2 punti sbagliato,,Kenny Gabriel,missed,80,680,705,252,0
741,2 punti segnato,,C.J. Massinburg,made,80,680,705,252,0
742,3 punti sbagliato,,Jason Burnell,missed,114,714,1440,336,8
743,3 punti segnato,Semaj Christon,Kenny Gabriel,made,214,814,60,252,5
744,3 punti segnato,Semaj Christon,David Reginald Cournooh,made,259,859,60,364,5
745,3 punti sbagliato,,C.J. Massinburg,missed,300,900,1215,756,7
746,3 punti segnato,Semaj Christon,David Reginald Cournooh,made,300,900,945,896,7
747,3 punti sbagliato,,C.J. Massinburg,missed,358,958,1395,448,8
748,3 punti sbagliato,,Amedeo Della Valle,missed,367,967,315,868,6
749,2 punti sbagliato,,David Reginald Cournooh,missed,405,1005,420,588,2
750,3 punti sbagliato,,John Petrucelli,missed,448,1048,270,672,6
751,2 punti sbagliato,,Semaj Christon,missed,494,1094,915,616,3
752,2 punti sbagliato,,John Petrucelli,missed,523,1123,1050,420,3
753,2 punti segnato,,Semaj Christon,made,551,1151,675,308,0
754,2 punti segnato,,Miro Bilan,made,51,1251,810,140,0
755,3 punti segnato,Nicola Akele,John Petrucelli,made,81,1281,1470,168,8
756,2 punti segnato,,John Petrucelli,made,106,1306,780,140,0
757,3 punti sbagliato,,Amedeo Della Valle,missed,218,1418,1095,868,7
758,2 punti segnato,Semaj Christon,Nicola Akele,made,250,1450,765,112,0
759,2 punti segnato,,John Petrucelli,made,291,1491,795,140,0
760,2 punti sbagliato,,Jason Burnell,missed,445,1645,945,280,0
761,2 punti sbagliato,,Jason Burnell,missed,445,1645,945,280,0
762,2 punti segnato,,Semaj Christon,made,473,1673,795,196,0
763,2 punti segnato,Jason Burnell,Miro Bilan,made,510,1710,855,196,0
764,3 punti segnato,Jason Burnell,Kenny Gabriel,made,542,1742,360,812,6
765,3 punti segnato,David Reginald Cournooh,C.J. Massinburg,made,17,1817,1215,784,7
766,3 punti sbagliato,,Jason Burnell,missed,63,1863,60,112,5
767,2 punti segnato,,C.J. Massinburg,made,107,1907,525,532,2
768,3 punti sbagliato,,Kenny Gabriel,missed,142,1942,240,616,6
769,2 punti sbagliato,,Jason Burnell,missed,171,1971,930,420,3
770,3 punti segnato,David Reginald Cournooh,C.J. Massinburg,made,213,2013,435,868,6
771,3 punti sbagliato,,David Reginald Cournooh,missed,238,2038,1365,644,7
772,3 punti sbagliato,,Kenny Gabriel,missed,276,2076,735,1008,6
773,3 punti sbagliato,,David Reginald Cournooh,missed,350,2150,570,952,6
774,3 punti sbagliato,,C.J. Massinburg,missed,386,2186,315,756,6
775,3 punti sbagliato,,John Petrucelli,missed,431,2231,450,840,6
776,3 punti sbagliato,,Semaj Christon,missed,480,2280,720,924,6
777,2 punti sbagliato,,Semaj Christon,missed,563,2363,645,336,0
778,3 punti segnato,C.J. Massinburg,John Petrucelli,made,600,2400,105,448,5
779,3 punti sbagliato,,John Petrucelli,missed,13,13,420,868,6
780,2 punti sbagliato,,Semaj Christon,missed,45,45,690,448,2
781,2 punti sbagliato,,Miro Bilan,missed,55,55,840,168,0
782,2 punti segnato,Semaj Christon,Miro Bilan,made,88,88,750,140,0
783,2 punti segnato,Semaj Christon,Nicola Akele,made,111,111,675,168,0
784,2 punti sbagliato,,Semaj Christon,missed,189,189,675,224,0
785,2 punti sbagliato,,Nicola Akele,missed,191,191,660,308,0
786,2 punti segnato,,Amedeo Della Valle,made,244,244,1215,364,4
787,2 punti segnato,,John Petrucelli,made,281,281,900,168,0
788,2 punti sbagliato,,Amedeo Della Valle,missed,309,309,1035,448,3
789,3 punti sbagliato,,Amedeo Della Valle,missed,326,326,1470,140,8
790,2 punti segnato,,John Petrucelli,made,352,352,1125,196,4
791,2 punti sbagliato,,John Petrucelli,missed,420,420,855,476,3
792,3 punti sbagliato,,Kenny Gabriel,missed,428,428,1395,672,7
793,2 punti sbagliato,,Semaj Christon,missed,476,476,795,224,0
794,2 punti segnato,Miro Bilan,C.J. Massinburg,made,497,497,1185,168,4
795,2 punti segnato,,Jason Burnell,made,569,569,780,448,3
796,2 punti segnato,,C.J. Massinburg,made,600,600,765,224,0
797,2 punti segnato,,John Petrucelli,made,26,626,675,168,0
798,3 punti sbagliato,,John Petrucelli,missed,53,653,1365,616,7
799,2 punti sbagliato,,David Reginald Cournooh,missed,93,693,975,476,3
800,3 punti segnato,David Reginald Cournooh,C.J. Massinburg,made,124,724,1290,756,7
801,2 punti sbagliato,,Semaj Christon,missed,191,791,630,168,0
802,2 punti sbagliato,,Jason Burnell,missed,223,823,1020,392,3
803,2 punti segnato,Miro Bilan,C.J. Massinburg,made,228,828,600,224,0
804,2 punti sbagliato,,Jason Burnell,missed,241,841,600,168,0
805,2 punti segnato,,C.J. Massinburg,made,241,841,600,168,0
806,2 punti segnato,Jason Burnell,Miro Bilan,made,304,904,705,224,0
807,3 punti sbagliato,,Semaj Christon,missed,340,940,1170,840,7
808,3 punti sbagliato,,Amedeo Della Valle,missed,360,960,1485,280,8
809,2 punti sbagliato,,Miro Bilan,missed,398,998,765,392,0
810,3 punti sbagliato,,Amedeo Della Valle,missed,548,1148,750,924,6
811,2 punti segnato,,Jason Burnell,made,548,1148,750,924,6
812,2 punti segnato,,C.J. Massinburg,made,582,1182,1125,588,3
813,2 punti segnato,,Semaj Christon,made,13,1213,675,196,0
814,2 punti segnato,,John Petrucelli,made,51,1251,555,224,0
815,2 punti sbagliato,,Semaj Christon,missed,85,1285,750,392,0
816,2 punti segnato,Amedeo Della Valle,Michael Cobbins,made,98,1298,765,140,0
817,2 punti sbagliato,,Amedeo Della Valle,missed,154,1354,1020,532,3
818,2 punti sbagliato,,Nicola Akele,missed,183,1383,480,252,1
819,3 punti segnato,John Petrucelli,David Reginald Cournooh,made,204,1404,285,784,6
820,3 punti segnato,,David Reginald Cournooh,made,242,1442,1380,616,7
821,2 punti sbagliato,,John Petrucelli,missed,286,1486,555,308,2
822,2 punti segnato,,Miro Bilan,made,393,1593,705,364,0
823,3 punti sbagliato,,C.J. Massinburg,missed,411,1611,630,980,6
824,3 punti sbagliato,,Jason Burnell,missed,440,1640,390,812,6
825,2 punti segnato,Amedeo Della Valle,Miro Bilan,made,514,1714,885,364,3
826,3 punti sbagliato,,Amedeo Della Valle,missed,525,1725,240,728,6
827,2 punti segnato,,C.J. Massinburg,made,568,1768,720,224,0
828,3 punti sbagliato,,C.J. Massinburg,missed,600,1800,855,896,7
829,3 punti segnato,,C.J. Massinburg,made,25,1825,375,896,6
830,2 punti sbagliato,,John Petrucelli,missed,57,1857,660,252,0
831,2 punti sbagliato,,Miro Bilan,missed,82,1882,735,224,0
832,2 punti segnato,,C.J. Massinburg,made,156,1956,660,168,0
833,2 punti sbagliato,,Jason Burnell,missed,204,2004,615,224,0
834,3 punti sbagliato,,C.J. Massinburg,missed,252,2052,1140,784,7
835,2 punti sbagliato,,Jason Burnell,missed,258,2058,585,196,0
836,2 punti segnato,,C.J. Massinburg,made,324,2124,810,140,0
837,2 punti segnato,Michael Cobbins,Jason Burnell,made,360,2160,690,140,0
838,3 punti sbagliato,,Jason Burnell,missed,412,2212,60,140,5
839,2 punti sbagliato,,Amedeo Della Valle,missed,448,2248,735,448,2
840,2 punti sbagliato,,John Petrucelli,missed,478,2278,570,560,2
841,3 punti segnato,,Miro Bilan,made,515,2315,285,756,6
842,3 punti sbagliato,,Amedeo Della Valle,missed,548,2348,45,308,5
843,3 punti sbagliato,,C.J. Massinburg,missed,600,2400,780,924,7
844,3 punti sbagliato,,Jason Burnell,missed,600,2400,825,980,7
845,2 punti sbagliato,,Amedeo Della Valle,missed,32,32,1140,280,4
846,2 punti segnato,Amedeo Della Valle,Miro Bilan,made,32,32,720,196,0
847,2 punti sbagliato,,Miro Bilan,missed,75,75,705,252,0
848,2 punti segnato,John Petrucelli,Amedeo Della Valle,made,93,93,810,196,0
849,2 punti segnato,,Semaj Christon,made,119,119,885,392,3
850,3 punti segnato,Kenny Gabriel,Amedeo Della Valle,made,129,129,1215,756,7
851,3 punti sbagliato,,John Petrucelli,missed,129,129,780,924,7
852,2 punti segnato,,Semaj Christon,made,197,197,795,308,0
853,2 punti segnato,,Amedeo Della Valle,made,228,228,765,476,3
854,2 punti segnato,Miro Bilan,Kenny Gabriel,made,260,260,720,140,0
855,2 punti segnato,Semaj Christon,,made,289,289,735,168,0
856,2 punti segnato,,Miro Bilan,made,319,319,780,252,0
857,2 punti segnato,,Semaj Christon,made,353,353,585,224,0
858,2 punti segnato,John Petrucelli,Miro Bilan,made,406,406,795,196,0
859,2 punti sbagliato,,David Reginald Cournooh,missed,433,433,750,420,2
860,2 punti segnato,,David Reginald Cournooh,made,469,469,555,560,2
861,2 punti segnato,,Nicola Akele,made,499,499,840,252,0
862,2 punti sbagliato,,John Petrucelli,missed,530,530,645,392,2
863,2 punti segnato,,Jason Burnell,made,589,589,735,336,0
864,2 punti segnato,C.J. Massinburg,Jason Burnell,made,58,658,720,308,0
865,3 punti segnato,Jason Burnell,C.J. Massinburg,made,93,693,795,924,7
866,3 punti segnato,C.J. Massinburg,Nicola Akele,made,121,721,1080,840,7
867,2 punti segnato,,David Reginald Cournooh,made,163,763,675,448,2
868,2 punti segnato,,C.J. Massinburg,made,194,794,795,308,0
869,2 punti segnato,C.J. Massinburg,Michael Cobbins,made,214,814,750,140,0
870,3 punti segnato,Michael Cobbins,Amedeo Della Valle,made,263,863,945,868,7
871,3 punti sbagliato,,Amedeo Della Valle,missed,290,890,705,896,6
872,2 punti segnato,Amedeo Della Valle,Michael Cobbins,made,319,919,765,168,0
873,2 punti sbagliato,,Jason Burnell,missed,348,948,720,224,0
874,2 punti sbagliato,,Miro Bilan,missed,406,1006,720,224,0
875,2 punti sbagliato,,Miro Bilan,missed,431,1031,645,168,0
876,3 punti sbagliato,,John Petrucelli,missed,437,1037,1185,756,7
877,2 punti segnato,Amedeo Della Valle,Miro Bilan,made,469,1069,780,224,0
878,3 punti sbagliato,,Amedeo Della Valle,missed,491,1091,1320,644,7
879,2 punti segnato,,Semaj Christon,made,513,1113,840,252,0
880,2 punti sbagliato,,John Petrucelli,missed,533,1133,660,252,0
881,3 punti sbagliato,,Amedeo Della Valle,missed,538,1138,1380,560,7
882,2 punti segnato,Amedeo Della Valle,Miro Bilan,made,564,1164,510,224,1
883,2 punti segnato,Amedeo Della Valle,Miro Bilan,made,598,1198,705,196,0
884,2 punti sbagliato,,Kenny Gabriel,missed,26,1226,660,168,0
885,3 punti sbagliato,,Kenny Gabriel,missed,60,1260,720,896,6
886,2 punti segnato,,Semaj Christon,made,91,1291,675,364,0
887,2 punti segnato,Miro Bilan,Semaj Christon,made,140,1340,795,168,0
888,2 punti segnato,Miro Bilan,Amedeo Della Valle,made,159,1359,825,196,0
889,2 punti segnato,Semaj Christon,Amedeo Della Valle,made,191,1391,720,168,0
890,2 punti sbagliato,,Amedeo Della Valle,missed,235,1435,765,616,3
891,2 punti segnato,,Miro Bilan,made,269,1469,840,252,0
892,2 punti sbagliato,,Semaj Christon,missed,297,1497,870,420,3
893,2 punti segnato,,John Petrucelli,made,321,1521,1155,224,4
894,3 punti sbagliato,,John Petrucelli,missed,346,1546,1425,532,8
895,2 punti segnato,C.J. Massinburg,Miro Bilan,made,383,1583,765,196,0
896,2 punti segnato,Nicola Akele,Miro Bilan,made,422,1622,795,196,0
897,2 punti sbagliato,,Miro Bilan,missed,458,1658,810,224,0
898,2 punti sbagliato,,David Reginald Cournooh,missed,461,1661,870,196,0
899,2 punti segnato,C.J. Massinburg,Miro Bilan,made,484,1684,765,196,0
900,2 punti segnato,,C.J. Massinburg,made,549,1749,825,196,0
901,2 punti sbagliato,,Nicola Akele,missed,18,1818,780,196,0
902,2 punti segnato,,Michael Cobbins,made,18,1818,780,196,0
903,2 punti sbagliato,,Jason Burnell,missed,41,1841,1005,532,3
904,3 punti segnato,C.J. Massinburg,David Reginald Cournooh,made,68,1868,1440,420,8
905,2 punti sbagliato,,Nicola Akele,missed,80,1880,645,504,2
906,3 punti sbagliato,,Jason Burnell,missed,130,1930,1215,700,7
907,2 punti segnato,David Reginald Cournooh,C.J. Massinburg,made,144,1944,840,168,0
908,3 punti segnato,,C.J. Massinburg,made,177,1977,750,868,6
909,2 punti segnato,C.J. Massinburg,Michael Cobbins,made,259,2059,720,140,0
910,2 punti segnato,,David Reginald Cournooh,made,296,2096,780,168,0
911,2 punti segnato,,Jason Burnell,made,329,2129,765,336,0
912,2 punti segnato,,Nicola Akele,made,362,2162,885,196,0
913,2 punti sbagliato,,Matteo Porto,missed,474,2274,645,476,2
914,3 punti segnato,Jason Burnell,Matteo Porto,made,504,2304,1305,644,7
915,3 punti sbagliato,,Nicolas Tanfoglio,missed,535,2335,1140,784,7
916,2 punti sbagliato,,Nicolas Tanfoglio,missed,558,2358,540,532,2
917,3 punti sbagliato,,Nicolas Tanfoglio,missed,591,2391,900,868,7
